CREATE TABLE customers (customer_id INT PRIMARY KEY, name VARCHAR(50), city VARCHAR(50), country VARCHAR(50), signup_date DATE);
INSERT INTO customers VALUES (1, 'Customer_1', 'Chennai', 'India', '2023-12-06');
INSERT INTO customers VALUES (2, 'Customer_2', 'Delhi', 'India', '2023-01-23');
INSERT INTO customers VALUES (3, 'Customer_3', 'Kolkata', 'India', '2023-09-06');
INSERT INTO customers VALUES (4, 'Customer_4', 'Chennai', 'India', '2023-08-01');
INSERT INTO customers VALUES (5, 'Customer_5', 'Chennai', 'India', '2023-06-20');
INSERT INTO customers VALUES (6, 'Customer_6', 'Chennai', 'India', '2023-08-15');
INSERT INTO customers VALUES (7, 'Customer_7', 'Bangalore', 'India', '2023-07-22');
INSERT INTO customers VALUES (8, 'Customer_8', 'Mumbai', 'India', '2023-10-17');
INSERT INTO customers VALUES (9, 'Customer_9', 'Hyderabad', 'India', '2023-05-04');
INSERT INTO customers VALUES (10, 'Customer_10', 'Delhi', 'India', '2023-07-19');
INSERT INTO customers VALUES (11, 'Customer_11', 'Delhi', 'India', '2023-03-31');
INSERT INTO customers VALUES (12, 'Customer_12', 'Kolkata', 'India', '2023-10-20');
INSERT INTO customers VALUES (13, 'Customer_13', 'Kolkata', 'India', '2023-10-18');
INSERT INTO customers VALUES (14, 'Customer_14', 'Chennai', 'India', '2023-12-16');
INSERT INTO customers VALUES (15, 'Customer_15', 'Hyderabad', 'India', '2023-02-10');
INSERT INTO customers VALUES (16, 'Customer_16', 'Delhi', 'India', '2023-09-15');
INSERT INTO customers VALUES (17, 'Customer_17', 'Hyderabad', 'India', '2023-04-09');
INSERT INTO customers VALUES (18, 'Customer_18', 'Mumbai', 'India', '2023-09-06');
INSERT INTO customers VALUES (19, 'Customer_19', 'Bangalore', 'India', '2023-06-16');
INSERT INTO customers VALUES (20, 'Customer_20', 'Mumbai', 'India', '2023-10-06');
INSERT INTO customers VALUES (21, 'Customer_21', 'Mumbai', 'India', '2023-10-21');
INSERT INTO customers VALUES (22, 'Customer_22', 'Mumbai', 'India', '2023-07-21');
INSERT INTO customers VALUES (23, 'Customer_23', 'Bangalore', 'India', '2023-08-26');
INSERT INTO customers VALUES (24, 'Customer_24', 'Kolkata', 'India', '2023-07-19');
INSERT INTO customers VALUES (25, 'Customer_25', 'Hyderabad', 'India', '2023-04-25');
INSERT INTO customers VALUES (26, 'Customer_26', 'Chennai', 'India', '2023-06-12');
INSERT INTO customers VALUES (27, 'Customer_27', 'Chennai', 'India', '2023-05-18');
INSERT INTO customers VALUES (28, 'Customer_28', 'Delhi', 'India', '2023-05-26');
INSERT INTO customers VALUES (29, 'Customer_29', 'Mumbai', 'India', '2023-05-16');
INSERT INTO customers VALUES (30, 'Customer_30', 'Hyderabad', 'India', '2023-12-08');
INSERT INTO customers VALUES (31, 'Customer_31', 'Mumbai', 'India', '2023-12-19');
INSERT INTO customers VALUES (32, 'Customer_32', 'Mumbai', 'India', '2023-01-17');
INSERT INTO customers VALUES (33, 'Customer_33', 'Delhi', 'India', '2023-01-10');
INSERT INTO customers VALUES (34, 'Customer_34', 'Chennai', 'India', '2023-03-10');
INSERT INTO customers VALUES (35, 'Customer_35', 'Kolkata', 'India', '2023-06-30');
INSERT INTO customers VALUES (36, 'Customer_36', 'Chennai', 'India', '2023-02-11');
INSERT INTO customers VALUES (37, 'Customer_37', 'Delhi', 'India', '2023-09-13');
INSERT INTO customers VALUES (38, 'Customer_38', 'Mumbai', 'India', '2023-01-03');
INSERT INTO customers VALUES (39, 'Customer_39', 'Bangalore', 'India', '2023-02-04');
INSERT INTO customers VALUES (40, 'Customer_40', 'Bangalore', 'India', '2023-10-07');
INSERT INTO customers VALUES (41, 'Customer_41', 'Delhi', 'India', '2023-08-09');
INSERT INTO customers VALUES (42, 'Customer_42', 'Mumbai', 'India', '2023-07-21');
INSERT INTO customers VALUES (43, 'Customer_43', 'Mumbai', 'India', '2023-02-11');
INSERT INTO customers VALUES (44, 'Customer_44', 'Delhi', 'India', '2023-02-21');
INSERT INTO customers VALUES (45, 'Customer_45', 'Chennai', 'India', '2023-09-27');
INSERT INTO customers VALUES (46, 'Customer_46', 'Mumbai', 'India', '2023-09-06');
INSERT INTO customers VALUES (47, 'Customer_47', 'Hyderabad', 'India', '2023-09-24');
INSERT INTO customers VALUES (48, 'Customer_48', 'Hyderabad', 'India', '2023-09-02');
INSERT INTO customers VALUES (49, 'Customer_49', 'Bangalore', 'India', '2023-11-18');
INSERT INTO customers VALUES (50, 'Customer_50', 'Kolkata', 'India', '2023-05-19');

CREATE TABLE products (product_id INT PRIMARY KEY, product_name VARCHAR(50), category VARCHAR(50), price INT);
INSERT INTO products VALUES (101, 'Product_101', 'Clothing', 9350);
INSERT INTO products VALUES (102, 'Product_102', 'Electronics', 1776);
INSERT INTO products VALUES (103, 'Product_103', 'Accessories', 37717);
INSERT INTO products VALUES (104, 'Product_104', 'Home Decor', 29516);
INSERT INTO products VALUES (105, 'Product_105', 'Accessories', 24904);
INSERT INTO products VALUES (106, 'Product_106', 'Accessories', 17458);
INSERT INTO products VALUES (107, 'Product_107', 'Home Decor', 48799);
INSERT INTO products VALUES (108, 'Product_108', 'Electronics', 34246);
INSERT INTO products VALUES (109, 'Product_109', 'Home Decor', 21584);
INSERT INTO products VALUES (110, 'Product_110', 'Accessories', 36423);
INSERT INTO products VALUES (111, 'Product_111', 'Electronics', 47891);
INSERT INTO products VALUES (112, 'Product_112', 'Electronics', 15662);
INSERT INTO products VALUES (113, 'Product_113', 'Clothing', 13918);
INSERT INTO products VALUES (114, 'Product_114', 'Clothing', 17565);
INSERT INTO products VALUES (115, 'Product_115', 'Accessories', 22657);
INSERT INTO products VALUES (116, 'Product_116', 'Clothing', 20675);
INSERT INTO products VALUES (117, 'Product_117', 'Clothing', 32766);
INSERT INTO products VALUES (118, 'Product_118', 'Home Decor', 20233);
INSERT INTO products VALUES (119, 'Product_119', 'Electronics', 29987);
INSERT INTO products VALUES (120, 'Product_120', 'Clothing', 42582);

CREATE TABLE orders (order_id INT PRIMARY KEY, customer_id INT, order_date DATE, order_value INT);
INSERT INTO orders VALUES (1001, 26, '2024-03-09', 12952);
INSERT INTO orders VALUES (1002, 47, '2024-01-01', 41202);
INSERT INTO orders VALUES (1003, 34, '2024-06-04', 32097);
INSERT INTO orders VALUES (1004, 29, '2024-06-18', 26604);
INSERT INTO orders VALUES (1005, 30, '2024-04-14', 87715);
INSERT INTO orders VALUES (1006, 38, '2024-05-14', 79056);
INSERT INTO orders VALUES (1007, 7, '2024-06-06', 78451);
INSERT INTO orders VALUES (1008, 32, '2024-05-09', 20951);
INSERT INTO orders VALUES (1009, 8, '2024-04-10', 5266);
INSERT INTO orders VALUES (1010, 13, '2024-05-27', 38386);
INSERT INTO orders VALUES (1011, 50, '2024-02-03', 94250);
INSERT INTO orders VALUES (1012, 36, '2024-03-31', 59787);
INSERT INTO orders VALUES (1013, 28, '2024-06-29', 10486);
INSERT INTO orders VALUES (1014, 8, '2024-06-27', 87441);
INSERT INTO orders VALUES (1015, 45, '2024-06-17', 89598);
INSERT INTO orders VALUES (1016, 37, '2024-05-03', 61884);
INSERT INTO orders VALUES (1017, 18, '2024-02-07', 91814);
INSERT INTO orders VALUES (1018, 27, '2024-04-12', 17647);
INSERT INTO orders VALUES (1019, 44, '2024-04-26', 14841);
INSERT INTO orders VALUES (1020, 45, '2024-04-05', 36977);
INSERT INTO orders VALUES (1021, 43, '2024-05-30', 26031);
INSERT INTO orders VALUES (1022, 17, '2024-01-19', 51982);
INSERT INTO orders VALUES (1023, 45, '2024-06-04', 53931);
INSERT INTO orders VALUES (1024, 4, '2024-04-16', 4460);
INSERT INTO orders VALUES (1025, 33, '2024-02-03', 43822);
INSERT INTO orders VALUES (1026, 43, '2024-02-03', 34407);
INSERT INTO orders VALUES (1027, 50, '2024-05-20', 58395);
INSERT INTO orders VALUES (1028, 12, '2024-03-19', 40699);
INSERT INTO orders VALUES (1029, 6, '2024-02-11', 7324);
INSERT INTO orders VALUES (1030, 15, '2024-04-08', 87839);
INSERT INTO orders VALUES (1031, 3, '2024-06-13', 96356);
INSERT INTO orders VALUES (1032, 21, '2024-04-08', 40361);
INSERT INTO orders VALUES (1033, 5, '2024-04-25', 62538);
INSERT INTO orders VALUES (1034, 15, '2024-01-28', 40696);
INSERT INTO orders VALUES (1035, 42, '2024-05-24', 24610);
INSERT INTO orders VALUES (1036, 11, '2024-01-07', 49336);
INSERT INTO orders VALUES (1037, 46, '2024-01-12', 56951);
INSERT INTO orders VALUES (1038, 19, '2024-06-04', 90891);
INSERT INTO orders VALUES (1039, 35, '2024-02-27', 45771);
INSERT INTO orders VALUES (1040, 27, '2024-02-20', 46559);
INSERT INTO orders VALUES (1041, 21, '2024-06-19', 93445);
INSERT INTO orders VALUES (1042, 22, '2024-04-08', 66007);
INSERT INTO orders VALUES (1043, 23, '2024-05-01', 78427);
INSERT INTO orders VALUES (1044, 12, '2024-03-19', 42956);
INSERT INTO orders VALUES (1045, 42, '2024-02-14', 26079);
INSERT INTO orders VALUES (1046, 45, '2024-01-15', 42141);
INSERT INTO orders VALUES (1047, 4, '2024-05-18', 85404);
INSERT INTO orders VALUES (1048, 6, '2024-06-06', 61745);
INSERT INTO orders VALUES (1049, 5, '2024-05-01', 35851);
INSERT INTO orders VALUES (1050, 37, '2024-03-31', 82530);
INSERT INTO orders VALUES (1051, 9, '2024-06-15', 28841);
INSERT INTO orders VALUES (1052, 18, '2024-01-11', 25298);
INSERT INTO orders VALUES (1053, 44, '2024-04-02', 25022);
INSERT INTO orders VALUES (1054, 6, '2024-03-31', 28194);
INSERT INTO orders VALUES (1055, 50, '2024-05-09', 97878);
INSERT INTO orders VALUES (1056, 9, '2024-01-23', 81287);
INSERT INTO orders VALUES (1057, 30, '2024-02-20', 97235);
INSERT INTO orders VALUES (1058, 35, '2024-06-10', 58675);
INSERT INTO orders VALUES (1059, 36, '2024-05-05', 52580);
INSERT INTO orders VALUES (1060, 15, '2024-05-02', 38279);
INSERT INTO orders VALUES (1061, 41, '2024-01-19', 94303);
INSERT INTO orders VALUES (1062, 24, '2024-06-08', 49277);
INSERT INTO orders VALUES (1063, 10, '2024-03-21', 25937);
INSERT INTO orders VALUES (1064, 5, '2024-04-21', 19282);
INSERT INTO orders VALUES (1065, 23, '2024-04-24', 26327);
INSERT INTO orders VALUES (1066, 17, '2024-02-24', 33120);
INSERT INTO orders VALUES (1067, 5, '2024-03-31', 72409);
INSERT INTO orders VALUES (1068, 15, '2024-01-23', 73625);
INSERT INTO orders VALUES (1069, 10, '2024-06-18', 50152);
INSERT INTO orders VALUES (1070, 5, '2024-04-28', 6681);
INSERT INTO orders VALUES (1071, 41, '2024-02-22', 24198);
INSERT INTO orders VALUES (1072, 23, '2024-04-07', 74013);
INSERT INTO orders VALUES (1073, 9, '2024-06-06', 79166);
INSERT INTO orders VALUES (1074, 50, '2024-02-28', 84791);
INSERT INTO orders VALUES (1075, 23, '2024-06-02', 91187);
INSERT INTO orders VALUES (1076, 6, '2024-04-24', 27183);
INSERT INTO orders VALUES (1077, 22, '2024-01-13', 46337);
INSERT INTO orders VALUES (1078, 9, '2024-05-05', 96230);
INSERT INTO orders VALUES (1079, 17, '2024-02-01', 7348);
INSERT INTO orders VALUES (1080, 3, '2024-05-04', 88842);
INSERT INTO orders VALUES (1081, 1, '2024-01-09', 96572);
INSERT INTO orders VALUES (1082, 41, '2024-01-14', 26371);
INSERT INTO orders VALUES (1083, 1, '2024-05-20', 97853);
INSERT INTO orders VALUES (1084, 26, '2024-06-08', 91562);
INSERT INTO orders VALUES (1085, 7, '2024-04-11', 85631);
INSERT INTO orders VALUES (1086, 27, '2024-04-29', 29285);
INSERT INTO orders VALUES (1087, 22, '2024-02-16', 94323);
INSERT INTO orders VALUES (1088, 8, '2024-03-05', 46278);
INSERT INTO orders VALUES (1089, 2, '2024-05-08', 36482);
INSERT INTO orders VALUES (1090, 46, '2024-01-11', 88827);
INSERT INTO orders VALUES (1091, 4, '2024-04-22', 25486);
INSERT INTO orders VALUES (1092, 42, '2024-04-09', 99534);
INSERT INTO orders VALUES (1093, 35, '2024-04-04', 86295);
INSERT INTO orders VALUES (1094, 47, '2024-01-11', 46887);
INSERT INTO orders VALUES (1095, 17, '2024-05-19', 92495);
INSERT INTO orders VALUES (1096, 5, '2024-02-21', 59156);
INSERT INTO orders VALUES (1097, 14, '2024-06-19', 89181);
INSERT INTO orders VALUES (1098, 29, '2024-03-10', 23834);
INSERT INTO orders VALUES (1099, 19, '2024-06-03', 90815);
INSERT INTO orders VALUES (1100, 42, '2024-01-15', 32543);

CREATE TABLE order_items (order_item_id INT PRIMARY KEY, order_id INT, product_id INT, quantity INT, item_price INT);
INSERT INTO order_items VALUES (1, 1001, 114, 2, 26939);
INSERT INTO order_items VALUES (2, 1002, 108, 5, 31172);
INSERT INTO order_items VALUES (3, 1002, 108, 4, 25278);
INSERT INTO order_items VALUES (4, 1002, 106, 2, 3989);
INSERT INTO order_items VALUES (5, 1003, 113, 5, 37087);
INSERT INTO order_items VALUES (6, 1004, 102, 2, 34820);
INSERT INTO order_items VALUES (7, 1004, 117, 4, 20744);
INSERT INTO order_items VALUES (8, 1005, 105, 4, 1365);
INSERT INTO order_items VALUES (9, 1005, 102, 3, 18832);
INSERT INTO order_items VALUES (10, 1006, 115, 5, 30175);
INSERT INTO order_items VALUES (11, 1006, 108, 2, 10210);
INSERT INTO order_items VALUES (12, 1007, 113, 4, 43606);
INSERT INTO order_items VALUES (13, 1008, 118, 4, 45274);
INSERT INTO order_items VALUES (14, 1008, 113, 3, 26026);
INSERT INTO order_items VALUES (15, 1008, 114, 3, 8586);
INSERT INTO order_items VALUES (16, 1009, 120, 3, 25940);
INSERT INTO order_items VALUES (17, 1009, 116, 1, 44567);
INSERT INTO order_items VALUES (18, 1010, 103, 4, 2897);
INSERT INTO order_items VALUES (19, 1010, 104, 5, 24740);
INSERT INTO order_items VALUES (20, 1011, 109, 4, 9870);
INSERT INTO order_items VALUES (21, 1012, 117, 5, 29766);
INSERT INTO order_items VALUES (22, 1013, 101, 4, 2398);
INSERT INTO order_items VALUES (23, 1014, 114, 5, 49481);
INSERT INTO order_items VALUES (24, 1015, 117, 4, 26761);
INSERT INTO order_items VALUES (25, 1016, 109, 3, 29808);
INSERT INTO order_items VALUES (26, 1016, 112, 2, 47010);
INSERT INTO order_items VALUES (27, 1016, 104, 1, 23997);
INSERT INTO order_items VALUES (28, 1017, 105, 4, 39195);
INSERT INTO order_items VALUES (29, 1017, 116, 4, 13009);
INSERT INTO order_items VALUES (30, 1018, 108, 1, 34272);
INSERT INTO order_items VALUES (31, 1018, 107, 5, 7004);
INSERT INTO order_items VALUES (32, 1018, 108, 2, 34731);
INSERT INTO order_items VALUES (33, 1019, 112, 1, 26202);
INSERT INTO order_items VALUES (34, 1019, 102, 2, 6802);
INSERT INTO order_items VALUES (35, 1019, 105, 5, 10507);
INSERT INTO order_items VALUES (36, 1020, 105, 4, 47175);
INSERT INTO order_items VALUES (37, 1020, 104, 2, 20656);
INSERT INTO order_items VALUES (38, 1020, 120, 1, 4954);
INSERT INTO order_items VALUES (39, 1021, 112, 3, 22650);
INSERT INTO order_items VALUES (40, 1021, 105, 1, 42782);
INSERT INTO order_items VALUES (41, 1022, 106, 1, 45064);
INSERT INTO order_items VALUES (42, 1022, 113, 5, 12332);
INSERT INTO order_items VALUES (43, 1022, 105, 3, 21094);
INSERT INTO order_items VALUES (44, 1023, 101, 3, 40440);
INSERT INTO order_items VALUES (45, 1023, 106, 4, 10755);
INSERT INTO order_items VALUES (46, 1024, 119, 2, 20359);
INSERT INTO order_items VALUES (47, 1024, 101, 2, 37344);
INSERT INTO order_items VALUES (48, 1025, 110, 2, 39023);
INSERT INTO order_items VALUES (49, 1025, 107, 1, 12260);
INSERT INTO order_items VALUES (50, 1026, 108, 3, 17196);
INSERT INTO order_items VALUES (51, 1026, 110, 5, 15074);
INSERT INTO order_items VALUES (52, 1027, 104, 4, 24504);
INSERT INTO order_items VALUES (53, 1027, 108, 2, 25533);
INSERT INTO order_items VALUES (54, 1028, 120, 2, 8497);
INSERT INTO order_items VALUES (55, 1028, 118, 5, 1084);
INSERT INTO order_items VALUES (56, 1029, 102, 4, 27076);
INSERT INTO order_items VALUES (57, 1029, 120, 2, 20938);
INSERT INTO order_items VALUES (58, 1030, 102, 1, 11926);
INSERT INTO order_items VALUES (59, 1030, 119, 3, 18197);
INSERT INTO order_items VALUES (60, 1031, 108, 3, 14258);
INSERT INTO order_items VALUES (61, 1032, 105, 5, 27725);
INSERT INTO order_items VALUES (62, 1032, 120, 5, 3638);
INSERT INTO order_items VALUES (63, 1032, 106, 1, 22082);
INSERT INTO order_items VALUES (64, 1033, 115, 3, 32683);
INSERT INTO order_items VALUES (65, 1034, 119, 3, 1597);
INSERT INTO order_items VALUES (66, 1035, 105, 2, 8815);
INSERT INTO order_items VALUES (67, 1035, 118, 2, 33612);
INSERT INTO order_items VALUES (68, 1036, 119, 5, 10711);
INSERT INTO order_items VALUES (69, 1037, 105, 4, 43084);
INSERT INTO order_items VALUES (70, 1037, 106, 2, 12394);
INSERT INTO order_items VALUES (71, 1038, 114, 4, 26531);
INSERT INTO order_items VALUES (72, 1039, 106, 2, 35247);
INSERT INTO order_items VALUES (73, 1039, 111, 3, 45206);
INSERT INTO order_items VALUES (74, 1039, 109, 5, 2083);
INSERT INTO order_items VALUES (75, 1040, 113, 5, 16986);
INSERT INTO order_items VALUES (76, 1040, 109, 3, 42500);
INSERT INTO order_items VALUES (77, 1040, 108, 5, 38031);
INSERT INTO order_items VALUES (78, 1041, 111, 2, 44891);
INSERT INTO order_items VALUES (79, 1041, 106, 2, 38056);
INSERT INTO order_items VALUES (80, 1041, 106, 2, 48697);
INSERT INTO order_items VALUES (81, 1042, 118, 5, 29543);
INSERT INTO order_items VALUES (82, 1043, 106, 1, 10242);
INSERT INTO order_items VALUES (83, 1044, 108, 2, 13874);
INSERT INTO order_items VALUES (84, 1044, 115, 2, 28385);
INSERT INTO order_items VALUES (85, 1045, 115, 5, 36813);
INSERT INTO order_items VALUES (86, 1045, 119, 4, 23980);
INSERT INTO order_items VALUES (87, 1046, 113, 1, 4397);
INSERT INTO order_items VALUES (88, 1046, 102, 5, 45390);
INSERT INTO order_items VALUES (89, 1046, 105, 3, 7605);
INSERT INTO order_items VALUES (90, 1047, 114, 1, 49383);
INSERT INTO order_items VALUES (91, 1047, 107, 4, 35929);
INSERT INTO order_items VALUES (92, 1047, 113, 3, 11858);
INSERT INTO order_items VALUES (93, 1048, 106, 5, 35046);
INSERT INTO order_items VALUES (94, 1048, 108, 4, 46633);
INSERT INTO order_items VALUES (95, 1048, 117, 1, 35002);
INSERT INTO order_items VALUES (96, 1049, 118, 5, 22872);
INSERT INTO order_items VALUES (97, 1049, 120, 2, 8838);
INSERT INTO order_items VALUES (98, 1050, 116, 3, 43392);
INSERT INTO order_items VALUES (99, 1050, 111, 5, 47316);
INSERT INTO order_items VALUES (100, 1050, 101, 3, 45007);
INSERT INTO order_items VALUES (101, 1051, 119, 1, 22778);
INSERT INTO order_items VALUES (102, 1051, 102, 4, 16444);
INSERT INTO order_items VALUES (103, 1051, 113, 1, 3582);
INSERT INTO order_items VALUES (104, 1052, 114, 5, 45537);
INSERT INTO order_items VALUES (105, 1052, 117, 4, 44665);
INSERT INTO order_items VALUES (106, 1053, 105, 1, 5255);
INSERT INTO order_items VALUES (107, 1053, 117, 2, 31118);
INSERT INTO order_items VALUES (108, 1054, 110, 3, 5119);
INSERT INTO order_items VALUES (109, 1054, 106, 5, 21054);
INSERT INTO order_items VALUES (110, 1054, 113, 3, 5870);
INSERT INTO order_items VALUES (111, 1055, 115, 1, 14106);
INSERT INTO order_items VALUES (112, 1055, 116, 4, 44936);
INSERT INTO order_items VALUES (113, 1056, 111, 2, 27316);
INSERT INTO order_items VALUES (114, 1056, 117, 4, 43622);
INSERT INTO order_items VALUES (115, 1056, 112, 1, 20804);
INSERT INTO order_items VALUES (116, 1057, 101, 1, 17247);
INSERT INTO order_items VALUES (117, 1057, 111, 4, 45071);
INSERT INTO order_items VALUES (118, 1057, 111, 2, 16692);
INSERT INTO order_items VALUES (119, 1058, 105, 4, 21717);
INSERT INTO order_items VALUES (120, 1058, 111, 3, 6146);
INSERT INTO order_items VALUES (121, 1058, 103, 4, 10969);
INSERT INTO order_items VALUES (122, 1059, 106, 1, 23617);
INSERT INTO order_items VALUES (123, 1059, 103, 1, 8264);
INSERT INTO order_items VALUES (124, 1060, 106, 3, 16082);
INSERT INTO order_items VALUES (125, 1060, 120, 2, 31762);
INSERT INTO order_items VALUES (126, 1060, 106, 1, 34769);
INSERT INTO order_items VALUES (127, 1061, 113, 2, 21364);
INSERT INTO order_items VALUES (128, 1062, 112, 5, 48717);
INSERT INTO order_items VALUES (129, 1063, 102, 3, 21327);
INSERT INTO order_items VALUES (130, 1063, 120, 4, 48240);
INSERT INTO order_items VALUES (131, 1064, 117, 1, 14251);
INSERT INTO order_items VALUES (132, 1064, 105, 4, 5873);
INSERT INTO order_items VALUES (133, 1065, 115, 4, 723);
INSERT INTO order_items VALUES (134, 1065, 110, 1, 7204);
INSERT INTO order_items VALUES (135, 1065, 116, 2, 39840);
INSERT INTO order_items VALUES (136, 1066, 114, 4, 13129);
INSERT INTO order_items VALUES (137, 1066, 109, 4, 35012);
INSERT INTO order_items VALUES (138, 1066, 118, 1, 13154);
INSERT INTO order_items VALUES (139, 1067, 114, 4, 23274);
INSERT INTO order_items VALUES (140, 1068, 108, 2, 28797);
INSERT INTO order_items VALUES (141, 1068, 105, 2, 11959);
INSERT INTO order_items VALUES (142, 1069, 115, 3, 39276);
INSERT INTO order_items VALUES (143, 1069, 103, 2, 25393);
INSERT INTO order_items VALUES (144, 1069, 109, 4, 23094);
INSERT INTO order_items VALUES (145, 1070, 111, 3, 10172);
INSERT INTO order_items VALUES (146, 1070, 111, 5, 33095);
INSERT INTO order_items VALUES (147, 1070, 112, 5, 30458);
INSERT INTO order_items VALUES (148, 1071, 110, 3, 22806);
INSERT INTO order_items VALUES (149, 1072, 102, 2, 17066);
INSERT INTO order_items VALUES (150, 1072, 104, 5, 44516);
INSERT INTO order_items VALUES (151, 1073, 104, 1, 7276);
INSERT INTO order_items VALUES (152, 1073, 101, 3, 45179);
INSERT INTO order_items VALUES (153, 1074, 112, 3, 46954);
INSERT INTO order_items VALUES (154, 1074, 116, 5, 24495);
INSERT INTO order_items VALUES (155, 1074, 112, 4, 1772);
INSERT INTO order_items VALUES (156, 1075, 106, 3, 8287);
INSERT INTO order_items VALUES (157, 1075, 118, 5, 30391);
INSERT INTO order_items VALUES (158, 1075, 118, 2, 27646);
INSERT INTO order_items VALUES (159, 1076, 105, 3, 31150);
INSERT INTO order_items VALUES (160, 1076, 120, 1, 26600);
INSERT INTO order_items VALUES (161, 1077, 113, 1, 32700);
INSERT INTO order_items VALUES (162, 1077, 107, 1, 27978);
INSERT INTO order_items VALUES (163, 1078, 102, 2, 44274);
INSERT INTO order_items VALUES (164, 1079, 118, 1, 6971);
INSERT INTO order_items VALUES (165, 1079, 114, 4, 47541);
INSERT INTO order_items VALUES (166, 1079, 118, 5, 48823);
INSERT INTO order_items VALUES (167, 1080, 115, 5, 45291);
INSERT INTO order_items VALUES (168, 1081, 112, 5, 31519);
INSERT INTO order_items VALUES (169, 1081, 110, 2, 26545);
INSERT INTO order_items VALUES (170, 1082, 107, 4, 37636);
INSERT INTO order_items VALUES (171, 1082, 111, 1, 12458);
INSERT INTO order_items VALUES (172, 1083, 116, 5, 46217);
INSERT INTO order_items VALUES (173, 1083, 112, 1, 18874);
INSERT INTO order_items VALUES (174, 1084, 105, 3, 48172);
INSERT INTO order_items VALUES (175, 1084, 117, 5, 14430);
INSERT INTO order_items VALUES (176, 1084, 104, 2, 11865);
INSERT INTO order_items VALUES (177, 1085, 118, 5, 18187);
INSERT INTO order_items VALUES (178, 1085, 111, 5, 18219);
INSERT INTO order_items VALUES (179, 1086, 114, 1, 28351);
INSERT INTO order_items VALUES (180, 1087, 103, 3, 32303);
INSERT INTO order_items VALUES (181, 1087, 106, 2, 34390);
INSERT INTO order_items VALUES (182, 1088, 110, 4, 22301);
INSERT INTO order_items VALUES (183, 1088, 120, 2, 1657);
INSERT INTO order_items VALUES (184, 1088, 102, 1, 4290);
INSERT INTO order_items VALUES (185, 1089, 117, 3, 45521);
INSERT INTO order_items VALUES (186, 1090, 119, 3, 17327);
INSERT INTO order_items VALUES (187, 1090, 109, 3, 48135);
INSERT INTO order_items VALUES (188, 1090, 103, 3, 47577);
INSERT INTO order_items VALUES (189, 1091, 104, 2, 35244);
INSERT INTO order_items VALUES (190, 1091, 120, 4, 18269);
INSERT INTO order_items VALUES (191, 1092, 105, 5, 7965);
INSERT INTO order_items VALUES (192, 1093, 119, 5, 21507);
INSERT INTO order_items VALUES (193, 1093, 115, 4, 32972);
INSERT INTO order_items VALUES (194, 1093, 115, 5, 48318);
INSERT INTO order_items VALUES (195, 1094, 112, 5, 24953);
INSERT INTO order_items VALUES (196, 1094, 104, 3, 14562);
INSERT INTO order_items VALUES (197, 1095, 101, 5, 18108);
INSERT INTO order_items VALUES (198, 1095, 102, 4, 25395);
INSERT INTO order_items VALUES (199, 1095, 110, 4, 12437);
INSERT INTO order_items VALUES (200, 1096, 111, 1, 44902);
INSERT INTO order_items VALUES (201, 1097, 117, 1, 9533);
INSERT INTO order_items VALUES (202, 1098, 117, 3, 2522);
INSERT INTO order_items VALUES (203, 1098, 119, 2, 19645);
INSERT INTO order_items VALUES (204, 1098, 108, 2, 10516);
INSERT INTO order_items VALUES (205, 1099, 110, 2, 47073);
INSERT INTO order_items VALUES (206, 1100, 105, 5, 31450);
INSERT INTO order_items VALUES (207, 1100, 103, 3, 41126);
INSERT INTO order_items VALUES (208, 1100, 111, 3, 33892);

CREATE TABLE payments (payment_id INT PRIMARY KEY, order_id INT, payment_method VARCHAR(30), payment_status VARCHAR(20), payment_date DATE);
INSERT INTO payments VALUES (1, 1001, 'Credit Card', 'Success', '2024-03-11');
INSERT INTO payments VALUES (2, 1002, 'UPI', 'Success', '2024-03-21');
INSERT INTO payments VALUES (3, 1003, 'Net Banking', 'Success', '2024-03-11');
INSERT INTO payments VALUES (4, 1004, 'Cash on Delivery', 'Success', '2024-01-26');
INSERT INTO payments VALUES (5, 1005, 'Cash on Delivery', 'Success', '2024-05-02');
INSERT INTO payments VALUES (6, 1006, 'Net Banking', 'Success', '2024-01-18');
INSERT INTO payments VALUES (7, 1007, 'Credit Card', 'Success', '2024-05-09');
INSERT INTO payments VALUES (8, 1008, 'Credit Card', 'Success', '2024-06-12');
INSERT INTO payments VALUES (9, 1009, 'Credit Card', 'Success', '2024-04-26');
INSERT INTO payments VALUES (10, 1010, 'Credit Card', 'Success', '2024-04-03');
INSERT INTO payments VALUES (11, 1011, 'Net Banking', 'Success', '2024-04-10');
INSERT INTO payments VALUES (12, 1012, 'UPI', 'Success', '2024-03-17');
INSERT INTO payments VALUES (13, 1013, 'Credit Card', 'Success', '2024-06-16');
INSERT INTO payments VALUES (14, 1014, 'Cash on Delivery', 'Success', '2024-04-17');
INSERT INTO payments VALUES (15, 1015, 'UPI', 'Success', '2024-06-11');
INSERT INTO payments VALUES (16, 1016, 'Credit Card', 'Success', '2024-03-26');
INSERT INTO payments VALUES (17, 1017, 'Cash on Delivery', 'Success', '2024-01-18');
INSERT INTO payments VALUES (18, 1018, 'Net Banking', 'Success', '2024-01-10');
INSERT INTO payments VALUES (19, 1019, 'UPI', 'Success', '2024-01-20');
INSERT INTO payments VALUES (20, 1020, 'UPI', 'Failed', '2024-04-04');
INSERT INTO payments VALUES (21, 1021, 'Net Banking', 'Success', '2024-03-18');
INSERT INTO payments VALUES (22, 1022, 'Cash on Delivery', 'Success', '2024-02-21');
INSERT INTO payments VALUES (23, 1023, 'Credit Card', 'Failed', '2024-02-25');
INSERT INTO payments VALUES (24, 1024, 'Credit Card', 'Success', '2024-01-01');
INSERT INTO payments VALUES (25, 1025, 'UPI', 'Success', '2024-02-12');
INSERT INTO payments VALUES (26, 1026, 'Cash on Delivery', 'Success', '2024-02-16');
INSERT INTO payments VALUES (27, 1027, 'Net Banking', 'Success', '2024-05-30');
INSERT INTO payments VALUES (28, 1028, 'Net Banking', 'Success', '2024-02-17');
INSERT INTO payments VALUES (29, 1029, 'UPI', 'Failed', '2024-03-05');
INSERT INTO payments VALUES (30, 1030, 'Cash on Delivery', 'Failed', '2024-06-25');
INSERT INTO payments VALUES (31, 1031, 'Net Banking', 'Success', '2024-01-27');
INSERT INTO payments VALUES (32, 1032, 'Cash on Delivery', 'Success', '2024-03-14');
INSERT INTO payments VALUES (33, 1033, 'Cash on Delivery', 'Success', '2024-05-05');
INSERT INTO payments VALUES (34, 1034, 'Net Banking', 'Success', '2024-03-08');
INSERT INTO payments VALUES (35, 1035, 'Cash on Delivery', 'Failed', '2024-05-04');
INSERT INTO payments VALUES (36, 1036, 'Net Banking', 'Success', '2024-05-31');
INSERT INTO payments VALUES (37, 1037, 'Net Banking', 'Success', '2024-03-16');
INSERT INTO payments VALUES (38, 1038, 'Net Banking', 'Failed', '2024-01-15');
INSERT INTO payments VALUES (39, 1039, 'Net Banking', 'Success', '2024-03-23');
INSERT INTO payments VALUES (40, 1040, 'Net Banking', 'Success', '2024-05-03');
INSERT INTO payments VALUES (41, 1041, 'Cash on Delivery', 'Success', '2024-03-01');
INSERT INTO payments VALUES (42, 1042, 'Net Banking', 'Success', '2024-03-19');
INSERT INTO payments VALUES (43, 1043, 'Credit Card', 'Success', '2024-06-11');
INSERT INTO payments VALUES (44, 1044, 'Credit Card', 'Success', '2024-01-19');
INSERT INTO payments VALUES (45, 1045, 'Cash on Delivery', 'Success', '2024-04-26');
INSERT INTO payments VALUES (46, 1046, 'Credit Card', 'Success', '2024-03-10');
INSERT INTO payments VALUES (47, 1047, 'Net Banking', 'Success', '2024-01-09');
INSERT INTO payments VALUES (48, 1048, 'Credit Card', 'Success', '2024-03-24');
INSERT INTO payments VALUES (49, 1049, 'Credit Card', 'Success', '2024-05-12');
INSERT INTO payments VALUES (50, 1050, 'Cash on Delivery', 'Success', '2024-06-16');
INSERT INTO payments VALUES (51, 1051, 'Credit Card', 'Success', '2024-03-22');
INSERT INTO payments VALUES (52, 1052, 'Credit Card', 'Success', '2024-02-15');
INSERT INTO payments VALUES (53, 1053, 'Credit Card', 'Success', '2024-02-08');
INSERT INTO payments VALUES (54, 1054, 'Credit Card', 'Success', '2024-02-26');
INSERT INTO payments VALUES (55, 1055, 'Cash on Delivery', 'Success', '2024-02-20');
INSERT INTO payments VALUES (56, 1056, 'Net Banking', 'Failed', '2024-06-25');
INSERT INTO payments VALUES (57, 1057, 'UPI', 'Success', '2024-02-12');
INSERT INTO payments VALUES (58, 1058, 'Credit Card', 'Success', '2024-03-23');
INSERT INTO payments VALUES (59, 1059, 'Credit Card', 'Success', '2024-02-27');
INSERT INTO payments VALUES (60, 1060, 'UPI', 'Success', '2024-01-12');
INSERT INTO payments VALUES (61, 1061, 'Cash on Delivery', 'Success', '2024-04-10');
INSERT INTO payments VALUES (62, 1062, 'Net Banking', 'Success', '2024-03-05');
INSERT INTO payments VALUES (63, 1063, 'Net Banking', 'Failed', '2024-02-20');
INSERT INTO payments VALUES (64, 1064, 'Credit Card', 'Success', '2024-01-21');
INSERT INTO payments VALUES (65, 1065, 'Cash on Delivery', 'Success', '2024-01-11');
INSERT INTO payments VALUES (66, 1066, 'UPI', 'Success', '2024-02-14');
INSERT INTO payments VALUES (67, 1067, 'Credit Card', 'Success', '2024-04-18');
INSERT INTO payments VALUES (68, 1068, 'Net Banking', 'Success', '2024-05-11');
INSERT INTO payments VALUES (69, 1069, 'UPI', 'Success', '2024-02-23');
INSERT INTO payments VALUES (70, 1070, 'Net Banking', 'Success', '2024-05-24');
INSERT INTO payments VALUES (71, 1071, 'Net Banking', 'Success', '2024-06-15');
INSERT INTO payments VALUES (72, 1072, 'Cash on Delivery', 'Success', '2024-02-19');
INSERT INTO payments VALUES (73, 1073, 'Net Banking', 'Success', '2024-04-30');
INSERT INTO payments VALUES (74, 1074, 'UPI', 'Success', '2024-03-05');
INSERT INTO payments VALUES (75, 1075, 'Net Banking', 'Failed', '2024-02-04');
INSERT INTO payments VALUES (76, 1076, 'Cash on Delivery', 'Success', '2024-03-14');
INSERT INTO payments VALUES (77, 1077, 'Credit Card', 'Success', '2024-03-15');
INSERT INTO payments VALUES (78, 1078, 'Credit Card', 'Success', '2024-06-19');
INSERT INTO payments VALUES (79, 1079, 'Credit Card', 'Success', '2024-03-19');
INSERT INTO payments VALUES (80, 1080, 'Net Banking', 'Success', '2024-03-11');
INSERT INTO payments VALUES (81, 1081, 'Credit Card', 'Success', '2024-06-09');
INSERT INTO payments VALUES (82, 1082, 'Credit Card', 'Success', '2024-06-20');
INSERT INTO payments VALUES (83, 1083, 'Credit Card', 'Success', '2024-02-18');
INSERT INTO payments VALUES (84, 1084, 'Cash on Delivery', 'Failed', '2024-06-18');
INSERT INTO payments VALUES (85, 1085, 'Cash on Delivery', 'Success', '2024-03-11');
INSERT INTO payments VALUES (86, 1086, 'Credit Card', 'Success', '2024-04-21');
INSERT INTO payments VALUES (87, 1087, 'UPI', 'Success', '2024-06-07');
INSERT INTO payments VALUES (88, 1088, 'Credit Card', 'Success', '2024-02-15');
INSERT INTO payments VALUES (89, 1089, 'Cash on Delivery', 'Failed', '2024-03-25');
INSERT INTO payments VALUES (90, 1090, 'Net Banking', 'Success', '2024-01-13');
INSERT INTO payments VALUES (91, 1091, 'Credit Card', 'Success', '2024-05-11');
INSERT INTO payments VALUES (92, 1092, 'Net Banking', 'Success', '2024-03-14');
INSERT INTO payments VALUES (93, 1093, 'Cash on Delivery', 'Failed', '2024-05-02');
INSERT INTO payments VALUES (94, 1094, 'Credit Card', 'Success', '2024-03-08');
INSERT INTO payments VALUES (95, 1095, 'UPI', 'Success', '2024-05-09');
INSERT INTO payments VALUES (96, 1096, 'Net Banking', 'Success', '2024-02-18');
INSERT INTO payments VALUES (97, 1097, 'Cash on Delivery', 'Success', '2024-01-30');
INSERT INTO payments VALUES (98, 1098, 'Credit Card', 'Success', '2024-01-03');
INSERT INTO payments VALUES (99, 1099, 'Cash on Delivery', 'Success', '2024-02-09');
INSERT INTO payments VALUES (100, 1100, 'Cash on Delivery', 'Success', '2024-01-08');



SELECT SUM(order_value) AS total_revenue FROM orders;


SELECT customer_id, SUM(order_value) AS total_spend
FROM orders
GROUP BY customer_id
ORDER BY total_spend DESC
LIMIT 5;

SELECT p.product_name, SUM(oi.quantity) AS total_quantity
FROM order_items oi
JOIN products p ON oi.product_id = p.product_id
GROUP BY p.product_name
ORDER BY total_quantity DESC
LIMIT 3;


SELECT MONTH(order_date) AS month, SUM(order_value) AS total_revenue
FROM orders
GROUP BY MONTH(order_date)
ORDER BY month;


SELECT payment_method, COUNT(*) AS total_transactions
FROM payments
GROUP BY payment_method;

SELECT customer_id, SUM(order_value) AS total_spend,
       RANK() OVER (ORDER BY SUM(order_value) DESC) AS spend_rank
FROM orders
GROUP BY customer_id;